{"0.7877478699951783":{"user_id":2},"0.7301889179649441":{"user_id":2}}